"ID","Profile","brand","price","type","gear","options"
"ID_10782","Profile15","Audi",20,"SUV","auto","all"
"ID_10782","Profile11","BMW",25,"berline","manual","some"
"ID_10782","Profile10","Mercedes",15,"city_car","manual","some"
"ID_10782","Profile13","BMW",15,"city_car","auto","all"
"ID_10782","Profile8","Audi",15,"berline","auto","some"
"ID_10782","Profile11","BMW",25,"berline","manual","some"
"ID_10782","Profile7","Mercedes",20,"city_car","auto","some"
"ID_10782","Profile14","Mercedes",20,"berline","auto","all"
"ID_10782","Profile13","BMW",15,"city_car","auto","all"
"ID_10782","Profile15","Audi",20,"SUV","auto","all"
"ID_10782","Profile5","BMW",20,"berline","manual","none"
"ID_10782","Profile17","Mercedes",30,"berline","manual","all"
"ID_10782","Profile7","Mercedes",20,"city_car","auto","some"
"ID_10782","Profile11","BMW",25,"berline","manual","some"
"ID_10782","Profile15","Audi",20,"SUV","auto","all"
"ID_10782","Profile17","Mercedes",30,"berline","manual","all"
"ID_10782","Profile1","BMW",30,"city_car","auto","none"
"ID_10782","Profile3","Mercedes",25,"SUV","auto","none"
"ID_10785","Profile2","Audi",15,"berline","auto","none"
"ID_10785","Profile7","Mercedes",20,"city_car","auto","some"
"ID_10785","Profile17","Mercedes",30,"berline","manual","all"
"ID_10785","Profile7","Mercedes",20,"city_car","auto","some"
"ID_10785","Profile16","Audi",25,"city_car","manual","all"
"ID_10785","Profile3","Mercedes",25,"SUV","auto","none"
"ID_10785","Profile6","Mercedes",15,"SUV","manual","none"
"ID_10785","Profile11","BMW",25,"berline","manual","some"
"ID_10785","Profile8","Audi",15,"berline","auto","some"
"ID_10785","Profile6","Mercedes",15,"SUV","manual","none"
"ID_10785","Profile1","BMW",30,"city_car","auto","none"
"ID_10785","Profile13","BMW",15,"city_car","auto","all"
"ID_10785","Profile1","BMW",30,"city_car","auto","none"
"ID_10785","Profile17","Mercedes",30,"berline","manual","all"
"ID_10785","Profile14","Mercedes",20,"berline","auto","all"
"ID_10785","Profile5","BMW",20,"berline","manual","none"
"ID_10785","Profile12","Audi",30,"SUV","manual","some"
"ID_10785","Profile11","BMW",25,"berline","manual","some"
"ID_10834","Profile12","Audi",30,"SUV","manual","some"
"ID_10834","Profile14","Mercedes",20,"berline","auto","all"
"ID_10834","Profile11","BMW",25,"berline","manual","some"
"ID_10834","Profile2","Audi",15,"berline","auto","none"
"ID_10834","Profile18","BMW",15,"SUV","manual","all"
"ID_10834","Profile16","Audi",25,"city_car","manual","all"
"ID_10834","Profile12","Audi",30,"SUV","manual","some"
"ID_10834","Profile11","BMW",25,"berline","manual","some"
"ID_10834","Profile6","Mercedes",15,"SUV","manual","none"
"ID_10834","Profile3","Mercedes",25,"SUV","auto","none"
"ID_10834","Profile4","Audi",20,"city_car","manual","none"
"ID_10834","Profile6","Mercedes",15,"SUV","manual","none"
"ID_10834","Profile10","Mercedes",15,"city_car","manual","some"
"ID_10834","Profile13","BMW",15,"city_car","auto","all"
"ID_10834","Profile17","Mercedes",30,"berline","manual","all"
"ID_10834","Profile10","Mercedes",15,"city_car","manual","some"
"ID_10834","Profile4","Audi",20,"city_car","manual","none"
"ID_10834","Profile1","BMW",30,"city_car","auto","none"
"ID_10835","Profile5","BMW",20,"berline","manual","none"
"ID_10835","Profile18","BMW",15,"SUV","manual","all"
"ID_10835","Profile6","Mercedes",15,"SUV","manual","none"
"ID_10835","Profile12","Audi",30,"SUV","manual","some"
"ID_10835","Profile7","Mercedes",20,"city_car","auto","some"
"ID_10835","Profile8","Audi",15,"berline","auto","some"
"ID_10835","Profile11","BMW",25,"berline","manual","some"
"ID_10835","Profile17","Mercedes",30,"berline","manual","all"
"ID_10835","Profile15","Audi",20,"SUV","auto","all"
"ID_10835","Profile1","BMW",30,"city_car","auto","none"
"ID_10835","Profile6","Mercedes",15,"SUV","manual","none"
"ID_10835","Profile5","BMW",20,"berline","manual","none"
"ID_10835","Profile14","Mercedes",20,"berline","auto","all"
"ID_10835","Profile8","Audi",15,"berline","auto","some"
"ID_10835","Profile2","Audi",15,"berline","auto","none"
"ID_10835","Profile5","BMW",20,"berline","manual","none"
"ID_10835","Profile17","Mercedes",30,"berline","manual","all"
"ID_10835","Profile4","Audi",20,"city_car","manual","none"
"ID_10836","Profile15","Audi",20,"SUV","auto","all"
"ID_10836","Profile11","BMW",25,"berline","manual","some"
"ID_10836","Profile17","Mercedes",30,"berline","manual","all"
"ID_10836","Profile6","Mercedes",15,"SUV","manual","none"
"ID_10836","Profile2","Audi",15,"berline","auto","none"
"ID_10836","Profile15","Audi",20,"SUV","auto","all"
"ID_10836","Profile9","BMW",20,"SUV","auto","some"
"ID_10836","Profile13","BMW",15,"city_car","auto","all"
"ID_10836","Profile18","BMW",15,"SUV","manual","all"
"ID_10836","Profile4","Audi",20,"city_car","manual","none"
"ID_10836","Profile2","Audi",15,"berline","auto","none"
"ID_10836","Profile10","Mercedes",15,"city_car","manual","some"
"ID_10836","Profile9","BMW",20,"SUV","auto","some"
"ID_10836","Profile1","BMW",30,"city_car","auto","none"
"ID_10836","Profile18","BMW",15,"SUV","manual","all"
"ID_10836","Profile3","Mercedes",25,"SUV","auto","none"
"ID_10836","Profile14","Mercedes",20,"berline","auto","all"
"ID_10836","Profile11","BMW",25,"berline","manual","some"
"ID_10841","Profile11","BMW",25,"berline","manual","some"
"ID_10841","Profile1","BMW",30,"city_car","auto","none"
"ID_10841","Profile7","Mercedes",20,"city_car","auto","some"
"ID_10841","Profile4","Audi",20,"city_car","manual","none"
"ID_10841","Profile9","BMW",20,"SUV","auto","some"
"ID_10841","Profile3","Mercedes",25,"SUV","auto","none"
"ID_10841","Profile2","Audi",15,"berline","auto","none"
"ID_10841","Profile1","BMW",30,"city_car","auto","none"
"ID_10841","Profile12","Audi",30,"SUV","manual","some"
"ID_10841","Profile7","Mercedes",20,"city_car","auto","some"
"ID_10841","Profile3","Mercedes",25,"SUV","auto","none"
"ID_10841","Profile6","Mercedes",15,"SUV","manual","none"
"ID_10841","Profile15","Audi",20,"SUV","auto","all"
"ID_10841","Profile13","BMW",15,"city_car","auto","all"
"ID_10841","Profile5","BMW",20,"berline","manual","none"
"ID_10841","Profile5","BMW",20,"berline","manual","none"
"ID_10841","Profile13","BMW",15,"city_car","auto","all"
"ID_10841","Profile15","Audi",20,"SUV","auto","all"
"ID_10842","Profile4","Audi",20,"city_car","manual","none"
"ID_10842","Profile15","Audi",20,"SUV","auto","all"
"ID_10842","Profile1","BMW",30,"city_car","auto","none"
"ID_10842","Profile12","Audi",30,"SUV","manual","some"
"ID_10842","Profile2","Audi",15,"berline","auto","none"
"ID_10842","Profile16","Audi",25,"city_car","manual","all"
"ID_10842","Profile14","Mercedes",20,"berline","auto","all"
"ID_10842","Profile15","Audi",20,"SUV","auto","all"
"ID_10842","Profile3","Mercedes",25,"SUV","auto","none"
"ID_10842","Profile17","Mercedes",30,"berline","manual","all"
"ID_10842","Profile8","Audi",15,"berline","auto","some"
"ID_10842","Profile7","Mercedes",20,"city_car","auto","some"
"ID_10842","Profile1","BMW",30,"city_car","auto","none"
"ID_10842","Profile8","Audi",15,"berline","auto","some"
"ID_10842","Profile7","Mercedes",20,"city_car","auto","some"
"ID_10842","Profile16","Audi",25,"city_car","manual","all"
"ID_10842","Profile8","Audi",15,"berline","auto","some"
"ID_10842","Profile18","BMW",15,"SUV","manual","all"
"ID_10843","Profile12","Audi",30,"SUV","manual","some"
"ID_10843","Profile11","BMW",25,"berline","manual","some"
"ID_10843","Profile8","Audi",15,"berline","auto","some"
"ID_10843","Profile7","Mercedes",20,"city_car","auto","some"
"ID_10843","Profile15","Audi",20,"SUV","auto","all"
"ID_10843","Profile5","BMW",20,"berline","manual","none"
"ID_10843","Profile9","BMW",20,"SUV","auto","some"
"ID_10843","Profile17","Mercedes",30,"berline","manual","all"
"ID_10843","Profile1","BMW",30,"city_car","auto","none"
"ID_10843","Profile12","Audi",30,"SUV","manual","some"
"ID_10843","Profile4","Audi",20,"city_car","manual","none"
"ID_10843","Profile7","Mercedes",20,"city_car","auto","some"
"ID_10843","Profile11","BMW",25,"berline","manual","some"
"ID_10843","Profile16","Audi",25,"city_car","manual","all"
"ID_10843","Profile3","Mercedes",25,"SUV","auto","none"
"ID_10843","Profile11","BMW",25,"berline","manual","some"
"ID_10843","Profile2","Audi",15,"berline","auto","none"
"ID_10843","Profile13","BMW",15,"city_car","auto","all"
"ID_10844","Profile11","BMW",25,"berline","manual","some"
"ID_10844","Profile7","Mercedes",20,"city_car","auto","some"
"ID_10844","Profile18","BMW",15,"SUV","manual","all"
"ID_10844","Profile16","Audi",25,"city_car","manual","all"
"ID_10844","Profile9","BMW",20,"SUV","auto","some"
"ID_10844","Profile17","Mercedes",30,"berline","manual","all"
"ID_10844","Profile17","Mercedes",30,"berline","manual","all"
"ID_10844","Profile11","BMW",25,"berline","manual","some"
"ID_10844","Profile8","Audi",15,"berline","auto","some"
"ID_10844","Profile14","Mercedes",20,"berline","auto","all"
"ID_10844","Profile7","Mercedes",20,"city_car","auto","some"
"ID_10844","Profile9","BMW",20,"SUV","auto","some"
"ID_10844","Profile9","BMW",20,"SUV","auto","some"
"ID_10844","Profile18","BMW",15,"SUV","manual","all"
"ID_10844","Profile10","Mercedes",15,"city_car","manual","some"
"ID_10844","Profile16","Audi",25,"city_car","manual","all"
"ID_10844","Profile14","Mercedes",20,"berline","auto","all"
"ID_10844","Profile17","Mercedes",30,"berline","manual","all"
"ID_10845","Profile7","Mercedes",20,"city_car","auto","some"
"ID_10845","Profile9","BMW",20,"SUV","auto","some"
"ID_10845","Profile13","BMW",15,"city_car","auto","all"
"ID_10845","Profile7","Mercedes",20,"city_car","auto","some"
"ID_10845","Profile8","Audi",15,"berline","auto","some"
"ID_10845","Profile15","Audi",20,"SUV","auto","all"
"ID_10845","Profile15","Audi",20,"SUV","auto","all"
"ID_10845","Profile1","BMW",30,"city_car","auto","none"
"ID_10845","Profile3","Mercedes",25,"SUV","auto","none"
"ID_10845","Profile9","BMW",20,"SUV","auto","some"
"ID_10845","Profile13","BMW",15,"city_car","auto","all"
"ID_10845","Profile8","Audi",15,"berline","auto","some"
"ID_10845","Profile16","Audi",25,"city_car","manual","all"
"ID_10845","Profile10","Mercedes",15,"city_car","manual","some"
"ID_10845","Profile2","Audi",15,"berline","auto","none"
"ID_10845","Profile13","BMW",15,"city_car","auto","all"
"ID_10845","Profile6","Mercedes",15,"SUV","manual","none"
"ID_10845","Profile15","Audi",20,"SUV","auto","all"
"ID_10846","Profile11","BMW",25,"berline","manual","some"
"ID_10846","Profile14","Mercedes",20,"berline","auto","all"
"ID_10846","Profile18","BMW",15,"SUV","manual","all"
"ID_10846","Profile9","BMW",20,"SUV","auto","some"
"ID_10846","Profile12","Audi",30,"SUV","manual","some"
"ID_10846","Profile7","Mercedes",20,"city_car","auto","some"
"ID_10846","Profile12","Audi",30,"SUV","manual","some"
"ID_10846","Profile18","BMW",15,"SUV","manual","all"
"ID_10846","Profile1","BMW",30,"city_car","auto","none"
"ID_10846","Profile4","Audi",20,"city_car","manual","none"
"ID_10846","Profile6","Mercedes",15,"SUV","manual","none"
"ID_10846","Profile15","Audi",20,"SUV","auto","all"
"ID_10846","Profile2","Audi",15,"berline","auto","none"
"ID_10846","Profile6","Mercedes",15,"SUV","manual","none"
"ID_10846","Profile16","Audi",25,"city_car","manual","all"
"ID_10846","Profile12","Audi",30,"SUV","manual","some"
"ID_10846","Profile7","Mercedes",20,"city_car","auto","some"
"ID_10846","Profile3","Mercedes",25,"SUV","auto","none"
"ID_10847","Profile8","Audi",15,"berline","auto","some"
"ID_10847","Profile11","BMW",25,"berline","manual","some"
"ID_10847","Profile6","Mercedes",15,"SUV","manual","none"
"ID_10847","Profile12","Audi",30,"SUV","manual","some"
"ID_10847","Profile1","BMW",30,"city_car","auto","none"
"ID_10847","Profile10","Mercedes",15,"city_car","manual","some"
"ID_10847","Profile15","Audi",20,"SUV","auto","all"
"ID_10847","Profile14","Mercedes",20,"berline","auto","all"
"ID_10847","Profile4","Audi",20,"city_car","manual","none"
"ID_10847","Profile12","Audi",30,"SUV","manual","some"
"ID_10847","Profile18","BMW",15,"SUV","manual","all"
"ID_10847","Profile3","Mercedes",25,"SUV","auto","none"
"ID_10847","Profile14","Mercedes",20,"berline","auto","all"
"ID_10847","Profile9","BMW",20,"SUV","auto","some"
"ID_10847","Profile4","Audi",20,"city_car","manual","none"
"ID_10847","Profile5","BMW",20,"berline","manual","none"
"ID_10847","Profile11","BMW",25,"berline","manual","some"
"ID_10847","Profile1","BMW",30,"city_car","auto","none"
"ID_10848","Profile10","Mercedes",15,"city_car","manual","some"
"ID_10848","Profile11","BMW",25,"berline","manual","some"
"ID_10848","Profile15","Audi",20,"SUV","auto","all"
"ID_10848","Profile12","Audi",30,"SUV","manual","some"
"ID_10848","Profile10","Mercedes",15,"city_car","manual","some"
"ID_10848","Profile9","BMW",20,"SUV","auto","some"
"ID_10848","Profile18","BMW",15,"SUV","manual","all"
"ID_10848","Profile17","Mercedes",30,"berline","manual","all"
"ID_10848","Profile14","Mercedes",20,"berline","auto","all"
"ID_10848","Profile13","BMW",15,"city_car","auto","all"
"ID_10848","Profile7","Mercedes",20,"city_car","auto","some"
"ID_10848","Profile18","BMW",15,"SUV","manual","all"
"ID_10848","Profile7","Mercedes",20,"city_car","auto","some"
"ID_10848","Profile4","Audi",20,"city_car","manual","none"
"ID_10848","Profile14","Mercedes",20,"berline","auto","all"
"ID_10848","Profile5","BMW",20,"berline","manual","none"
"ID_10848","Profile13","BMW",15,"city_car","auto","all"
"ID_10848","Profile16","Audi",25,"city_car","manual","all"
"ID_10849","Profile5","BMW",20,"berline","manual","none"
"ID_10849","Profile1","BMW",30,"city_car","auto","none"
"ID_10849","Profile4","Audi",20,"city_car","manual","none"
"ID_10849","Profile11","BMW",25,"berline","manual","some"
"ID_10849","Profile8","Audi",15,"berline","auto","some"
"ID_10849","Profile14","Mercedes",20,"berline","auto","all"
"ID_10849","Profile7","Mercedes",20,"city_car","auto","some"
"ID_10849","Profile8","Audi",15,"berline","auto","some"
"ID_10849","Profile4","Audi",20,"city_car","manual","none"
"ID_10849","Profile10","Mercedes",15,"city_car","manual","some"
"ID_10849","Profile11","BMW",25,"berline","manual","some"
"ID_10849","Profile17","Mercedes",30,"berline","manual","all"
"ID_10849","Profile10","Mercedes",15,"city_car","manual","some"
"ID_10849","Profile1","BMW",30,"city_car","auto","none"
"ID_10849","Profile16","Audi",25,"city_car","manual","all"
"ID_10849","Profile5","BMW",20,"berline","manual","none"
"ID_10849","Profile2","Audi",15,"berline","auto","none"
"ID_10849","Profile14","Mercedes",20,"berline","auto","all"
"ID_10850","Profile18","BMW",15,"SUV","manual","all"
"ID_10850","Profile7","Mercedes",20,"city_car","auto","some"
"ID_10850","Profile1","BMW",30,"city_car","auto","none"
"ID_10850","Profile12","Audi",30,"SUV","manual","some"
"ID_10850","Profile7","Mercedes",20,"city_car","auto","some"
"ID_10850","Profile17","Mercedes",30,"berline","manual","all"
"ID_10850","Profile3","Mercedes",25,"SUV","auto","none"
"ID_10850","Profile18","BMW",15,"SUV","manual","all"
"ID_10850","Profile11","BMW",25,"berline","manual","some"
"ID_10850","Profile7","Mercedes",20,"city_car","auto","some"
"ID_10850","Profile8","Audi",15,"berline","auto","some"
"ID_10850","Profile2","Audi",15,"berline","auto","none"
"ID_10850","Profile13","BMW",15,"city_car","auto","all"
"ID_10850","Profile16","Audi",25,"city_car","manual","all"
"ID_10850","Profile15","Audi",20,"SUV","auto","all"
"ID_10850","Profile7","Mercedes",20,"city_car","auto","some"
"ID_10850","Profile17","Mercedes",30,"berline","manual","all"
"ID_10850","Profile14","Mercedes",20,"berline","auto","all"
"ID_10851","Profile15","Audi",20,"SUV","auto","all"
"ID_10851","Profile7","Mercedes",20,"city_car","auto","some"
"ID_10851","Profile2","Audi",15,"berline","auto","none"
"ID_10851","Profile17","Mercedes",30,"berline","manual","all"
"ID_10851","Profile16","Audi",25,"city_car","manual","all"
"ID_10851","Profile11","BMW",25,"berline","manual","some"
"ID_10851","Profile12","Audi",30,"SUV","manual","some"
"ID_10851","Profile5","BMW",20,"berline","manual","none"
"ID_10851","Profile11","BMW",25,"berline","manual","some"
"ID_10851","Profile6","Mercedes",15,"SUV","manual","none"
"ID_10851","Profile11","BMW",25,"berline","manual","some"
"ID_10851","Profile4","Audi",20,"city_car","manual","none"
"ID_10851","Profile18","BMW",15,"SUV","manual","all"
"ID_10851","Profile7","Mercedes",20,"city_car","auto","some"
"ID_10851","Profile15","Audi",20,"SUV","auto","all"
"ID_10851","Profile11","BMW",25,"berline","manual","some"
"ID_10851","Profile14","Mercedes",20,"berline","auto","all"
"ID_10851","Profile6","Mercedes",15,"SUV","manual","none"
"ID_10852","Profile14","Mercedes",20,"berline","auto","all"
"ID_10852","Profile8","Audi",15,"berline","auto","some"
"ID_10852","Profile15","Audi",20,"SUV","auto","all"
"ID_10852","Profile1","BMW",30,"city_car","auto","none"
"ID_10852","Profile11","BMW",25,"berline","manual","some"
"ID_10852","Profile10","Mercedes",15,"city_car","manual","some"
"ID_10852","Profile1","BMW",30,"city_car","auto","none"
"ID_10852","Profile16","Audi",25,"city_car","manual","all"
"ID_10852","Profile13","BMW",15,"city_car","auto","all"
"ID_10852","Profile2","Audi",15,"berline","auto","none"
"ID_10852","Profile4","Audi",20,"city_car","manual","none"
"ID_10852","Profile11","BMW",25,"berline","manual","some"
"ID_10852","Profile17","Mercedes",30,"berline","manual","all"
"ID_10852","Profile16","Audi",25,"city_car","manual","all"
"ID_10852","Profile3","Mercedes",25,"SUV","auto","none"
"ID_10852","Profile2","Audi",15,"berline","auto","none"
"ID_10852","Profile17","Mercedes",30,"berline","manual","all"
"ID_10852","Profile10","Mercedes",15,"city_car","manual","some"
"ID_10853","Profile15","Audi",20,"SUV","auto","all"
"ID_10853","Profile14","Mercedes",20,"berline","auto","all"
"ID_10853","Profile18","BMW",15,"SUV","manual","all"
"ID_10853","Profile1","BMW",30,"city_car","auto","none"
"ID_10853","Profile7","Mercedes",20,"city_car","auto","some"
"ID_10853","Profile4","Audi",20,"city_car","manual","none"
"ID_10853","Profile7","Mercedes",20,"city_car","auto","some"
"ID_10853","Profile5","BMW",20,"berline","manual","none"
"ID_10853","Profile16","Audi",25,"city_car","manual","all"
"ID_10853","Profile2","Audi",15,"berline","auto","none"
"ID_10853","Profile5","BMW",20,"berline","manual","none"
"ID_10853","Profile14","Mercedes",20,"berline","auto","all"
"ID_10853","Profile3","Mercedes",25,"SUV","auto","none"
"ID_10853","Profile13","BMW",15,"city_car","auto","all"
"ID_10853","Profile18","BMW",15,"SUV","manual","all"
"ID_10853","Profile5","BMW",20,"berline","manual","none"
"ID_10853","Profile4","Audi",20,"city_car","manual","none"
"ID_10853","Profile10","Mercedes",15,"city_car","manual","some"
"ID_10854","Profile14","Mercedes",20,"berline","auto","all"
"ID_10854","Profile10","Mercedes",15,"city_car","manual","some"
"ID_10854","Profile17","Mercedes",30,"berline","manual","all"
"ID_10854","Profile18","BMW",15,"SUV","manual","all"
"ID_10854","Profile6","Mercedes",15,"SUV","manual","none"
"ID_10854","Profile15","Audi",20,"SUV","auto","all"
"ID_10854","Profile12","Audi",30,"SUV","manual","some"
"ID_10854","Profile14","Mercedes",20,"berline","auto","all"
"ID_10854","Profile10","Mercedes",15,"city_car","manual","some"
"ID_10854","Profile18","BMW",15,"SUV","manual","all"
"ID_10854","Profile1","BMW",30,"city_car","auto","none"
"ID_10854","Profile14","Mercedes",20,"berline","auto","all"
"ID_10854","Profile15","Audi",20,"SUV","auto","all"
"ID_10854","Profile5","BMW",20,"berline","manual","none"
"ID_10854","Profile13","BMW",15,"city_car","auto","all"
"ID_10854","Profile13","BMW",15,"city_car","auto","all"
"ID_10854","Profile6","Mercedes",15,"SUV","manual","none"
"ID_10854","Profile9","BMW",20,"SUV","auto","some"
"ID_10855","Profile5","BMW",20,"berline","manual","none"
"ID_10855","Profile10","Mercedes",15,"city_car","manual","some"
"ID_10855","Profile4","Audi",20,"city_car","manual","none"
"ID_10855","Profile9","BMW",20,"SUV","auto","some"
"ID_10855","Profile8","Audi",15,"berline","auto","some"
"ID_10855","Profile16","Audi",25,"city_car","manual","all"
"ID_10855","Profile9","BMW",20,"SUV","auto","some"
"ID_10855","Profile11","BMW",25,"berline","manual","some"
"ID_10855","Profile13","BMW",15,"city_car","auto","all"
"ID_10855","Profile2","Audi",15,"berline","auto","none"
"ID_10855","Profile9","BMW",20,"SUV","auto","some"
"ID_10855","Profile3","Mercedes",25,"SUV","auto","none"
"ID_10855","Profile8","Audi",15,"berline","auto","some"
"ID_10855","Profile13","BMW",15,"city_car","auto","all"
"ID_10855","Profile4","Audi",20,"city_car","manual","none"
"ID_10855","Profile16","Audi",25,"city_car","manual","all"
"ID_10855","Profile17","Mercedes",30,"berline","manual","all"
"ID_10855","Profile4","Audi",20,"city_car","manual","none"
"ID_10856","Profile11","BMW",25,"berline","manual","some"
"ID_10856","Profile10","Mercedes",15,"city_car","manual","some"
"ID_10856","Profile17","Mercedes",30,"berline","manual","all"
"ID_10856","Profile15","Audi",20,"SUV","auto","all"
"ID_10856","Profile1","BMW",30,"city_car","auto","none"
"ID_10856","Profile8","Audi",15,"berline","auto","some"
"ID_10856","Profile3","Mercedes",25,"SUV","auto","none"
"ID_10856","Profile18","BMW",15,"SUV","manual","all"
"ID_10856","Profile1","BMW",30,"city_car","auto","none"
"ID_10856","Profile5","BMW",20,"berline","manual","none"
"ID_10856","Profile15","Audi",20,"SUV","auto","all"
"ID_10856","Profile4","Audi",20,"city_car","manual","none"
"ID_10856","Profile8","Audi",15,"berline","auto","some"
"ID_10856","Profile14","Mercedes",20,"berline","auto","all"
"ID_10856","Profile7","Mercedes",20,"city_car","auto","some"
"ID_10856","Profile10","Mercedes",15,"city_car","manual","some"
"ID_10856","Profile18","BMW",15,"SUV","manual","all"
"ID_10856","Profile17","Mercedes",30,"berline","manual","all"
"ID_10857","Profile15","Audi",20,"SUV","auto","all"
"ID_10857","Profile8","Audi",15,"berline","auto","some"
"ID_10857","Profile13","BMW",15,"city_car","auto","all"
"ID_10857","Profile16","Audi",25,"city_car","manual","all"
"ID_10857","Profile15","Audi",20,"SUV","auto","all"
"ID_10857","Profile9","BMW",20,"SUV","auto","some"
"ID_10857","Profile13","BMW",15,"city_car","auto","all"
"ID_10857","Profile18","BMW",15,"SUV","manual","all"
"ID_10857","Profile16","Audi",25,"city_car","manual","all"
"ID_10857","Profile14","Mercedes",20,"berline","auto","all"
"ID_10857","Profile6","Mercedes",15,"SUV","manual","none"
"ID_10857","Profile17","Mercedes",30,"berline","manual","all"
"ID_10857","Profile18","BMW",15,"SUV","manual","all"
"ID_10857","Profile7","Mercedes",20,"city_car","auto","some"
"ID_10857","Profile15","Audi",20,"SUV","auto","all"
"ID_10857","Profile2","Audi",15,"berline","auto","none"
"ID_10857","Profile14","Mercedes",20,"berline","auto","all"
"ID_10857","Profile10","Mercedes",15,"city_car","manual","some"
"ID_10858","Profile8","Audi",15,"berline","auto","some"
"ID_10858","Profile16","Audi",25,"city_car","manual","all"
"ID_10858","Profile9","BMW",20,"SUV","auto","some"
"ID_10858","Profile3","Mercedes",25,"SUV","auto","none"
"ID_10858","Profile11","BMW",25,"berline","manual","some"
"ID_10858","Profile7","Mercedes",20,"city_car","auto","some"
"ID_10858","Profile8","Audi",15,"berline","auto","some"
"ID_10858","Profile1","BMW",30,"city_car","auto","none"
"ID_10858","Profile15","Audi",20,"SUV","auto","all"
"ID_10858","Profile5","BMW",20,"berline","manual","none"
"ID_10858","Profile1","BMW",30,"city_car","auto","none"
"ID_10858","Profile18","BMW",15,"SUV","manual","all"
"ID_10858","Profile12","Audi",30,"SUV","manual","some"
"ID_10858","Profile13","BMW",15,"city_car","auto","all"
"ID_10858","Profile17","Mercedes",30,"berline","manual","all"
"ID_10858","Profile12","Audi",30,"SUV","manual","some"
"ID_10858","Profile18","BMW",15,"SUV","manual","all"
"ID_10858","Profile11","BMW",25,"berline","manual","some"
"ID_10859","Profile18","BMW",15,"SUV","manual","all"
"ID_10859","Profile10","Mercedes",15,"city_car","manual","some"
"ID_10859","Profile6","Mercedes",15,"SUV","manual","none"
"ID_10859","Profile1","BMW",30,"city_car","auto","none"
"ID_10859","Profile2","Audi",15,"berline","auto","none"
"ID_10859","Profile9","BMW",20,"SUV","auto","some"
"ID_10859","Profile2","Audi",15,"berline","auto","none"
"ID_10859","Profile1","BMW",30,"city_car","auto","none"
"ID_10859","Profile10","Mercedes",15,"city_car","manual","some"
"ID_10859","Profile2","Audi",15,"berline","auto","none"
"ID_10859","Profile11","BMW",25,"berline","manual","some"
"ID_10859","Profile3","Mercedes",25,"SUV","auto","none"
"ID_10859","Profile5","BMW",20,"berline","manual","none"
"ID_10859","Profile8","Audi",15,"berline","auto","some"
"ID_10859","Profile7","Mercedes",20,"city_car","auto","some"
"ID_10859","Profile5","BMW",20,"berline","manual","none"
"ID_10859","Profile16","Audi",25,"city_car","manual","all"
"ID_10859","Profile9","BMW",20,"SUV","auto","some"
"ID_10860","Profile6","Mercedes",15,"SUV","manual","none"
"ID_10860","Profile14","Mercedes",20,"berline","auto","all"
"ID_10860","Profile13","BMW",15,"city_car","auto","all"
"ID_10860","Profile10","Mercedes",15,"city_car","manual","some"
"ID_10860","Profile1","BMW",30,"city_car","auto","none"
"ID_10860","Profile17","Mercedes",30,"berline","manual","all"
"ID_10860","Profile17","Mercedes",30,"berline","manual","all"
"ID_10860","Profile2","Audi",15,"berline","auto","none"
"ID_10860","Profile5","BMW",20,"berline","manual","none"
"ID_10860","Profile12","Audi",30,"SUV","manual","some"
"ID_10860","Profile5","BMW",20,"berline","manual","none"
"ID_10860","Profile10","Mercedes",15,"city_car","manual","some"
"ID_10860","Profile8","Audi",15,"berline","auto","some"
"ID_10860","Profile16","Audi",25,"city_car","manual","all"
"ID_10860","Profile11","BMW",25,"berline","manual","some"
"ID_10860","Profile2","Audi",15,"berline","auto","none"
"ID_10860","Profile7","Mercedes",20,"city_car","auto","some"
"ID_10860","Profile3","Mercedes",25,"SUV","auto","none"
"ID_10861","Profile13","BMW",15,"city_car","auto","all"
"ID_10861","Profile18","BMW",15,"SUV","manual","all"
"ID_10861","Profile14","Mercedes",20,"berline","auto","all"
"ID_10861","Profile9","BMW",20,"SUV","auto","some"
"ID_10861","Profile10","Mercedes",15,"city_car","manual","some"
"ID_10861","Profile4","Audi",20,"city_car","manual","none"
"ID_10861","Profile15","Audi",20,"SUV","auto","all"
"ID_10861","Profile17","Mercedes",30,"berline","manual","all"
"ID_10861","Profile3","Mercedes",25,"SUV","auto","none"
"ID_10861","Profile18","BMW",15,"SUV","manual","all"
"ID_10861","Profile1","BMW",30,"city_car","auto","none"
"ID_10861","Profile9","BMW",20,"SUV","auto","some"
"ID_10861","Profile15","Audi",20,"SUV","auto","all"
"ID_10861","Profile14","Mercedes",20,"berline","auto","all"
"ID_10861","Profile18","BMW",15,"SUV","manual","all"
"ID_10861","Profile4","Audi",20,"city_car","manual","none"
"ID_10861","Profile13","BMW",15,"city_car","auto","all"
"ID_10861","Profile1","BMW",30,"city_car","auto","none"
"ID_10862","Profile11","BMW",25,"berline","manual","some"
"ID_10862","Profile15","Audi",20,"SUV","auto","all"
"ID_10862","Profile9","BMW",20,"SUV","auto","some"
"ID_10862","Profile14","Mercedes",20,"berline","auto","all"
"ID_10862","Profile12","Audi",30,"SUV","manual","some"
"ID_10862","Profile6","Mercedes",15,"SUV","manual","none"
"ID_10862","Profile18","BMW",15,"SUV","manual","all"
"ID_10862","Profile9","BMW",20,"SUV","auto","some"
"ID_10862","Profile15","Audi",20,"SUV","auto","all"
"ID_10862","Profile14","Mercedes",20,"berline","auto","all"
"ID_10862","Profile9","BMW",20,"SUV","auto","some"
"ID_10862","Profile18","BMW",15,"SUV","manual","all"
"ID_10862","Profile15","Audi",20,"SUV","auto","all"
"ID_10862","Profile14","Mercedes",20,"berline","auto","all"
"ID_10862","Profile17","Mercedes",30,"berline","manual","all"
"ID_10862","Profile18","BMW",15,"SUV","manual","all"
"ID_10862","Profile16","Audi",25,"city_car","manual","all"
"ID_10862","Profile12","Audi",30,"SUV","manual","some"
"ID_10863","Profile6","Mercedes",15,"SUV","manual","none"
"ID_10863","Profile16","Audi",25,"city_car","manual","all"
"ID_10863","Profile1","BMW",30,"city_car","auto","none"
"ID_10863","Profile10","Mercedes",15,"city_car","manual","some"
"ID_10863","Profile6","Mercedes",15,"SUV","manual","none"
"ID_10863","Profile3","Mercedes",25,"SUV","auto","none"
"ID_10863","Profile14","Mercedes",20,"berline","auto","all"
"ID_10863","Profile15","Audi",20,"SUV","auto","all"
"ID_10863","Profile7","Mercedes",20,"city_car","auto","some"
"ID_10863","Profile12","Audi",30,"SUV","manual","some"
"ID_10863","Profile3","Mercedes",25,"SUV","auto","none"
"ID_10863","Profile16","Audi",25,"city_car","manual","all"
"ID_10863","Profile14","Mercedes",20,"berline","auto","all"
"ID_10863","Profile16","Audi",25,"city_car","manual","all"
"ID_10863","Profile15","Audi",20,"SUV","auto","all"
"ID_10863","Profile11","BMW",25,"berline","manual","some"
"ID_10863","Profile10","Mercedes",15,"city_car","manual","some"
"ID_10863","Profile15","Audi",20,"SUV","auto","all"
"ID_10864","Profile6","Mercedes",15,"SUV","manual","none"
"ID_10864","Profile16","Audi",25,"city_car","manual","all"
"ID_10864","Profile1","BMW",30,"city_car","auto","none"
"ID_10864","Profile10","Mercedes",15,"city_car","manual","some"
"ID_10864","Profile6","Mercedes",15,"SUV","manual","none"
"ID_10864","Profile3","Mercedes",25,"SUV","auto","none"
"ID_10864","Profile14","Mercedes",20,"berline","auto","all"
"ID_10864","Profile15","Audi",20,"SUV","auto","all"
"ID_10864","Profile7","Mercedes",20,"city_car","auto","some"
"ID_10864","Profile12","Audi",30,"SUV","manual","some"
"ID_10864","Profile3","Mercedes",25,"SUV","auto","none"
"ID_10864","Profile16","Audi",25,"city_car","manual","all"
"ID_10864","Profile14","Mercedes",20,"berline","auto","all"
"ID_10864","Profile16","Audi",25,"city_car","manual","all"
"ID_10864","Profile15","Audi",20,"SUV","auto","all"
"ID_10864","Profile11","BMW",25,"berline","manual","some"
"ID_10864","Profile10","Mercedes",15,"city_car","manual","some"
"ID_10864","Profile15","Audi",20,"SUV","auto","all"
"ID_10865","Profile17","Mercedes",30,"berline","manual","all"
"ID_10865","Profile16","Audi",25,"city_car","manual","all"
"ID_10865","Profile14","Mercedes",20,"berline","auto","all"
"ID_10865","Profile16","Audi",25,"city_car","manual","all"
"ID_10865","Profile8","Audi",15,"berline","auto","some"
"ID_10865","Profile7","Mercedes",20,"city_car","auto","some"
"ID_10865","Profile13","BMW",15,"city_car","auto","all"
"ID_10865","Profile4","Audi",20,"city_car","manual","none"
"ID_10865","Profile6","Mercedes",15,"SUV","manual","none"
"ID_10865","Profile8","Audi",15,"berline","auto","some"
"ID_10865","Profile4","Audi",20,"city_car","manual","none"
"ID_10865","Profile5","BMW",20,"berline","manual","none"
"ID_10865","Profile5","BMW",20,"berline","manual","none"
"ID_10865","Profile18","BMW",15,"SUV","manual","all"
"ID_10865","Profile13","BMW",15,"city_car","auto","all"
"ID_10865","Profile8","Audi",15,"berline","auto","some"
"ID_10865","Profile4","Audi",20,"city_car","manual","none"
"ID_10865","Profile1","BMW",30,"city_car","auto","none"
"ID_10866","Profile4","Audi",20,"city_car","manual","none"
"ID_10866","Profile5","BMW",20,"berline","manual","none"
"ID_10866","Profile2","Audi",15,"berline","auto","none"
"ID_10866","Profile6","Mercedes",15,"SUV","manual","none"
"ID_10866","Profile17","Mercedes",30,"berline","manual","all"
"ID_10866","Profile10","Mercedes",15,"city_car","manual","some"
"ID_10866","Profile17","Mercedes",30,"berline","manual","all"
"ID_10866","Profile16","Audi",25,"city_car","manual","all"
"ID_10866","Profile5","BMW",20,"berline","manual","none"
"ID_10866","Profile9","BMW",20,"SUV","auto","some"
"ID_10866","Profile3","Mercedes",25,"SUV","auto","none"
"ID_10866","Profile12","Audi",30,"SUV","manual","some"
"ID_10866","Profile6","Mercedes",15,"SUV","manual","none"
"ID_10866","Profile14","Mercedes",20,"berline","auto","all"
"ID_10866","Profile13","BMW",15,"city_car","auto","all"
"ID_10866","Profile15","Audi",20,"SUV","auto","all"
"ID_10866","Profile9","BMW",20,"SUV","auto","some"
"ID_10866","Profile12","Audi",30,"SUV","manual","some"
"ID_10867","Profile16","Audi",25,"city_car","manual","all"
"ID_10867","Profile7","Mercedes",20,"city_car","auto","some"
"ID_10867","Profile9","BMW",20,"SUV","auto","some"
"ID_10867","Profile12","Audi",30,"SUV","manual","some"
"ID_10867","Profile10","Mercedes",15,"city_car","manual","some"
"ID_10867","Profile1","BMW",30,"city_car","auto","none"
"ID_10867","Profile4","Audi",20,"city_car","manual","none"
"ID_10867","Profile5","BMW",20,"berline","manual","none"
"ID_10867","Profile16","Audi",25,"city_car","manual","all"
"ID_10867","Profile14","Mercedes",20,"berline","auto","all"
"ID_10867","Profile4","Audi",20,"city_car","manual","none"
"ID_10867","Profile18","BMW",15,"SUV","manual","all"
"ID_10867","Profile18","BMW",15,"SUV","manual","all"
"ID_10867","Profile16","Audi",25,"city_car","manual","all"
"ID_10867","Profile3","Mercedes",25,"SUV","auto","none"
"ID_10867","Profile9","BMW",20,"SUV","auto","some"
"ID_10867","Profile13","BMW",15,"city_car","auto","all"
"ID_10867","Profile10","Mercedes",15,"city_car","manual","some"
"ID_10868","Profile5","BMW",20,"berline","manual","none"
"ID_10868","Profile13","BMW",15,"city_car","auto","all"
"ID_10868","Profile16","Audi",25,"city_car","manual","all"
"ID_10868","Profile10","Mercedes",15,"city_car","manual","some"
"ID_10868","Profile9","BMW",20,"SUV","auto","some"
"ID_10868","Profile13","BMW",15,"city_car","auto","all"
"ID_10868","Profile1","BMW",30,"city_car","auto","none"
"ID_10868","Profile10","Mercedes",15,"city_car","manual","some"
"ID_10868","Profile9","BMW",20,"SUV","auto","some"
"ID_10868","Profile1","BMW",30,"city_car","auto","none"
"ID_10868","Profile7","Mercedes",20,"city_car","auto","some"
"ID_10868","Profile16","Audi",25,"city_car","manual","all"
"ID_10868","Profile9","BMW",20,"SUV","auto","some"
"ID_10868","Profile3","Mercedes",25,"SUV","auto","none"
"ID_10868","Profile18","BMW",15,"SUV","manual","all"
"ID_10868","Profile14","Mercedes",20,"berline","auto","all"
"ID_10868","Profile2","Audi",15,"berline","auto","none"
"ID_10868","Profile13","BMW",15,"city_car","auto","all"
"ID_10869","Profile6","Mercedes",15,"SUV","manual","none"
"ID_10869","Profile1","BMW",30,"city_car","auto","none"
"ID_10869","Profile8","Audi",15,"berline","auto","some"
"ID_10869","Profile5","BMW",20,"berline","manual","none"
"ID_10869","Profile8","Audi",15,"berline","auto","some"
"ID_10869","Profile3","Mercedes",25,"SUV","auto","none"
"ID_10869","Profile11","BMW",25,"berline","manual","some"
"ID_10869","Profile18","BMW",15,"SUV","manual","all"
"ID_10869","Profile6","Mercedes",15,"SUV","manual","none"
"ID_10869","Profile5","BMW",20,"berline","manual","none"
"ID_10869","Profile7","Mercedes",20,"city_car","auto","some"
"ID_10869","Profile17","Mercedes",30,"berline","manual","all"
"ID_10869","Profile5","BMW",20,"berline","manual","none"
"ID_10869","Profile4","Audi",20,"city_car","manual","none"
"ID_10869","Profile12","Audi",30,"SUV","manual","some"
"ID_10869","Profile11","BMW",25,"berline","manual","some"
"ID_10869","Profile15","Audi",20,"SUV","auto","all"
"ID_10869","Profile5","BMW",20,"berline","manual","none"
"ID_10870","Profile10","Mercedes",15,"city_car","manual","some"
"ID_10870","Profile7","Mercedes",20,"city_car","auto","some"
"ID_10870","Profile15","Audi",20,"SUV","auto","all"
"ID_10870","Profile7","Mercedes",20,"city_car","auto","some"
"ID_10870","Profile3","Mercedes",25,"SUV","auto","none"
"ID_10870","Profile14","Mercedes",20,"berline","auto","all"
"ID_10870","Profile5","BMW",20,"berline","manual","none"
"ID_10870","Profile15","Audi",20,"SUV","auto","all"
"ID_10870","Profile6","Mercedes",15,"SUV","manual","none"
"ID_10870","Profile12","Audi",30,"SUV","manual","some"
"ID_10870","Profile2","Audi",15,"berline","auto","none"
"ID_10870","Profile6","Mercedes",15,"SUV","manual","none"
"ID_10870","Profile2","Audi",15,"berline","auto","none"
"ID_10870","Profile15","Audi",20,"SUV","auto","all"
"ID_10870","Profile7","Mercedes",20,"city_car","auto","some"
"ID_10870","Profile3","Mercedes",25,"SUV","auto","none"
"ID_10870","Profile12","Audi",30,"SUV","manual","some"
"ID_10870","Profile8","Audi",15,"berline","auto","some"
"ID_10871","Profile8","Audi",15,"berline","auto","some"
"ID_10871","Profile5","BMW",20,"berline","manual","none"
"ID_10871","Profile14","Mercedes",20,"berline","auto","all"
"ID_10871","Profile10","Mercedes",15,"city_car","manual","some"
"ID_10871","Profile13","BMW",15,"city_car","auto","all"
"ID_10871","Profile8","Audi",15,"berline","auto","some"
"ID_10871","Profile3","Mercedes",25,"SUV","auto","none"
"ID_10871","Profile1","BMW",30,"city_car","auto","none"
"ID_10871","Profile8","Audi",15,"berline","auto","some"
"ID_10871","Profile10","Mercedes",15,"city_car","manual","some"
"ID_10871","Profile1","BMW",30,"city_car","auto","none"
"ID_10871","Profile12","Audi",30,"SUV","manual","some"
"ID_10871","Profile10","Mercedes",15,"city_car","manual","some"
"ID_10871","Profile2","Audi",15,"berline","auto","none"
"ID_10871","Profile8","Audi",15,"berline","auto","some"
"ID_10871","Profile18","BMW",15,"SUV","manual","all"
"ID_10871","Profile15","Audi",20,"SUV","auto","all"
"ID_10871","Profile8","Audi",15,"berline","auto","some"
"ID_10872","Profile7","Mercedes",20,"city_car","auto","some"
"ID_10872","Profile6","Mercedes",15,"SUV","manual","none"
"ID_10872","Profile17","Mercedes",30,"berline","manual","all"
"ID_10872","Profile10","Mercedes",15,"city_car","manual","some"
"ID_10872","Profile18","BMW",15,"SUV","manual","all"
"ID_10872","Profile12","Audi",30,"SUV","manual","some"
"ID_10872","Profile13","BMW",15,"city_car","auto","all"
"ID_10872","Profile15","Audi",20,"SUV","auto","all"
"ID_10872","Profile12","Audi",30,"SUV","manual","some"
"ID_10872","Profile11","BMW",25,"berline","manual","some"
"ID_10872","Profile1","BMW",30,"city_car","auto","none"
"ID_10872","Profile14","Mercedes",20,"berline","auto","all"
"ID_10872","Profile1","BMW",30,"city_car","auto","none"
"ID_10872","Profile6","Mercedes",15,"SUV","manual","none"
"ID_10872","Profile7","Mercedes",20,"city_car","auto","some"
"ID_10872","Profile13","BMW",15,"city_car","auto","all"
"ID_10872","Profile6","Mercedes",15,"SUV","manual","none"
"ID_10872","Profile11","BMW",25,"berline","manual","some"
"ID_10873","Profile12","Audi",30,"SUV","manual","some"
"ID_10873","Profile10","Mercedes",15,"city_car","manual","some"
"ID_10873","Profile11","BMW",25,"berline","manual","some"
"ID_10873","Profile13","BMW",15,"city_car","auto","all"
"ID_10873","Profile14","Mercedes",20,"berline","auto","all"
"ID_10873","Profile3","Mercedes",25,"SUV","auto","none"
"ID_10873","Profile16","Audi",25,"city_car","manual","all"
"ID_10873","Profile14","Mercedes",20,"berline","auto","all"
"ID_10873","Profile7","Mercedes",20,"city_car","auto","some"
"ID_10873","Profile6","Mercedes",15,"SUV","manual","none"
"ID_10873","Profile12","Audi",30,"SUV","manual","some"
"ID_10873","Profile8","Audi",15,"berline","auto","some"
"ID_10873","Profile7","Mercedes",20,"city_car","auto","some"
"ID_10873","Profile15","Audi",20,"SUV","auto","all"
"ID_10873","Profile10","Mercedes",15,"city_car","manual","some"
"ID_10873","Profile12","Audi",30,"SUV","manual","some"
"ID_10873","Profile7","Mercedes",20,"city_car","auto","some"
"ID_10873","Profile3","Mercedes",25,"SUV","auto","none"
"ID_10874","Profile12","Audi",30,"SUV","manual","some"
"ID_10874","Profile9","BMW",20,"SUV","auto","some"
"ID_10874","Profile18","BMW",15,"SUV","manual","all"
"ID_10874","Profile8","Audi",15,"berline","auto","some"
"ID_10874","Profile17","Mercedes",30,"berline","manual","all"
"ID_10874","Profile3","Mercedes",25,"SUV","auto","none"
"ID_10874","Profile13","BMW",15,"city_car","auto","all"
"ID_10874","Profile2","Audi",15,"berline","auto","none"
"ID_10874","Profile15","Audi",20,"SUV","auto","all"
"ID_10874","Profile5","BMW",20,"berline","manual","none"
"ID_10874","Profile17","Mercedes",30,"berline","manual","all"
"ID_10874","Profile8","Audi",15,"berline","auto","some"
"ID_10874","Profile14","Mercedes",20,"berline","auto","all"
"ID_10874","Profile3","Mercedes",25,"SUV","auto","none"
"ID_10874","Profile16","Audi",25,"city_car","manual","all"
"ID_10874","Profile5","BMW",20,"berline","manual","none"
"ID_10874","Profile2","Audi",15,"berline","auto","none"
"ID_10874","Profile8","Audi",15,"berline","auto","some"
"ID_10875","Profile17","Mercedes",30,"berline","manual","all"
"ID_10875","Profile6","Mercedes",15,"SUV","manual","none"
"ID_10875","Profile15","Audi",20,"SUV","auto","all"
"ID_10875","Profile13","BMW",15,"city_car","auto","all"
"ID_10875","Profile2","Audi",15,"berline","auto","none"
"ID_10875","Profile14","Mercedes",20,"berline","auto","all"
"ID_10875","Profile10","Mercedes",15,"city_car","manual","some"
"ID_10875","Profile4","Audi",20,"city_car","manual","none"
"ID_10875","Profile15","Audi",20,"SUV","auto","all"
"ID_10875","Profile12","Audi",30,"SUV","manual","some"
"ID_10875","Profile2","Audi",15,"berline","auto","none"
"ID_10875","Profile16","Audi",25,"city_car","manual","all"
"ID_10875","Profile7","Mercedes",20,"city_car","auto","some"
"ID_10875","Profile4","Audi",20,"city_car","manual","none"
"ID_10875","Profile8","Audi",15,"berline","auto","some"
"ID_10875","Profile8","Audi",15,"berline","auto","some"
"ID_10875","Profile2","Audi",15,"berline","auto","none"
"ID_10875","Profile4","Audi",20,"city_car","manual","none"
"ID_10876","Profile14","Mercedes",20,"berline","auto","all"
"ID_10876","Profile4","Audi",20,"city_car","manual","none"
"ID_10876","Profile1","BMW",30,"city_car","auto","none"
"ID_10876","Profile17","Mercedes",30,"berline","manual","all"
"ID_10876","Profile9","BMW",20,"SUV","auto","some"
"ID_10876","Profile11","BMW",25,"berline","manual","some"
"ID_10876","Profile15","Audi",20,"SUV","auto","all"
"ID_10876","Profile17","Mercedes",30,"berline","manual","all"
"ID_10876","Profile3","Mercedes",25,"SUV","auto","none"
"ID_10876","Profile6","Mercedes",15,"SUV","manual","none"
"ID_10876","Profile11","BMW",25,"berline","manual","some"
"ID_10876","Profile7","Mercedes",20,"city_car","auto","some"
"ID_10876","Profile1","BMW",30,"city_car","auto","none"
"ID_10876","Profile17","Mercedes",30,"berline","manual","all"
"ID_10876","Profile8","Audi",15,"berline","auto","some"
"ID_10876","Profile6","Mercedes",15,"SUV","manual","none"
"ID_10876","Profile3","Mercedes",25,"SUV","auto","none"
"ID_10876","Profile16","Audi",25,"city_car","manual","all"
"ID_10877","Profile12","Audi",30,"SUV","manual","some"
"ID_10877","Profile10","Mercedes",15,"city_car","manual","some"
"ID_10877","Profile2","Audi",15,"berline","auto","none"
"ID_10877","Profile7","Mercedes",20,"city_car","auto","some"
"ID_10877","Profile4","Audi",20,"city_car","manual","none"
"ID_10877","Profile17","Mercedes",30,"berline","manual","all"
"ID_10877","Profile11","BMW",25,"berline","manual","some"
"ID_10877","Profile7","Mercedes",20,"city_car","auto","some"
"ID_10877","Profile8","Audi",15,"berline","auto","some"
"ID_10877","Profile12","Audi",30,"SUV","manual","some"
"ID_10877","Profile8","Audi",15,"berline","auto","some"
"ID_10877","Profile10","Mercedes",15,"city_car","manual","some"
"ID_10877","Profile7","Mercedes",20,"city_car","auto","some"
"ID_10877","Profile3","Mercedes",25,"SUV","auto","none"
"ID_10877","Profile10","Mercedes",15,"city_car","manual","some"
"ID_10877","Profile3","Mercedes",25,"SUV","auto","none"
"ID_10877","Profile8","Audi",15,"berline","auto","some"
"ID_10877","Profile6","Mercedes",15,"SUV","manual","none"
"ID_10878","Profile13","BMW",15,"city_car","auto","all"
"ID_10878","Profile17","Mercedes",30,"berline","manual","all"
"ID_10878","Profile6","Mercedes",15,"SUV","manual","none"
"ID_10878","Profile10","Mercedes",15,"city_car","manual","some"
"ID_10878","Profile13","BMW",15,"city_car","auto","all"
"ID_10878","Profile1","BMW",30,"city_car","auto","none"
"ID_10878","Profile6","Mercedes",15,"SUV","manual","none"
"ID_10878","Profile12","Audi",30,"SUV","manual","some"
"ID_10878","Profile18","BMW",15,"SUV","manual","all"
"ID_10878","Profile7","Mercedes",20,"city_car","auto","some"
"ID_10878","Profile6","Mercedes",15,"SUV","manual","none"
"ID_10878","Profile1","BMW",30,"city_car","auto","none"
"ID_10878","Profile17","Mercedes",30,"berline","manual","all"
"ID_10878","Profile12","Audi",30,"SUV","manual","some"
"ID_10878","Profile4","Audi",20,"city_car","manual","none"
"ID_10878","Profile1","BMW",30,"city_car","auto","none"
"ID_10878","Profile13","BMW",15,"city_car","auto","all"
"ID_10878","Profile11","BMW",25,"berline","manual","some"
"ID_10879","Profile10","Mercedes",15,"city_car","manual","some"
"ID_10879","Profile8","Audi",15,"berline","auto","some"
"ID_10879","Profile1","BMW",30,"city_car","auto","none"
"ID_10879","Profile10","Mercedes",15,"city_car","manual","some"
"ID_10879","Profile18","BMW",15,"SUV","manual","all"
"ID_10879","Profile17","Mercedes",30,"berline","manual","all"
"ID_10879","Profile10","Mercedes",15,"city_car","manual","some"
"ID_10879","Profile1","BMW",30,"city_car","auto","none"
"ID_10879","Profile7","Mercedes",20,"city_car","auto","some"
"ID_10879","Profile8","Audi",15,"berline","auto","some"
"ID_10879","Profile2","Audi",15,"berline","auto","none"
"ID_10879","Profile7","Mercedes",20,"city_car","auto","some"
"ID_10879","Profile14","Mercedes",20,"berline","auto","all"
"ID_10879","Profile4","Audi",20,"city_car","manual","none"
"ID_10879","Profile3","Mercedes",25,"SUV","auto","none"
"ID_10879","Profile5","BMW",20,"berline","manual","none"
"ID_10879","Profile15","Audi",20,"SUV","auto","all"
"ID_10879","Profile7","Mercedes",20,"city_car","auto","some"
"ID_10880","Profile12","Audi",30,"SUV","manual","some"
"ID_10880","Profile17","Mercedes",30,"berline","manual","all"
"ID_10880","Profile7","Mercedes",20,"city_car","auto","some"
"ID_10880","Profile16","Audi",25,"city_car","manual","all"
"ID_10880","Profile4","Audi",20,"city_car","manual","none"
"ID_10880","Profile17","Mercedes",30,"berline","manual","all"
"ID_10880","Profile3","Mercedes",25,"SUV","auto","none"
"ID_10880","Profile12","Audi",30,"SUV","manual","some"
"ID_10880","Profile16","Audi",25,"city_car","manual","all"
"ID_10880","Profile13","BMW",15,"city_car","auto","all"
"ID_10880","Profile12","Audi",30,"SUV","manual","some"
"ID_10880","Profile2","Audi",15,"berline","auto","none"
"ID_10880","Profile8","Audi",15,"berline","auto","some"
"ID_10880","Profile14","Mercedes",20,"berline","auto","all"
"ID_10880","Profile10","Mercedes",15,"city_car","manual","some"
"ID_10880","Profile5","BMW",20,"berline","manual","none"
"ID_10880","Profile1","BMW",30,"city_car","auto","none"
"ID_10880","Profile11","BMW",25,"berline","manual","some"
"ID_10881","Profile12","Audi",30,"SUV","manual","some"
"ID_10881","Profile17","Mercedes",30,"berline","manual","all"
"ID_10881","Profile7","Mercedes",20,"city_car","auto","some"
"ID_10881","Profile16","Audi",25,"city_car","manual","all"
"ID_10881","Profile4","Audi",20,"city_car","manual","none"
"ID_10881","Profile17","Mercedes",30,"berline","manual","all"
"ID_10881","Profile3","Mercedes",25,"SUV","auto","none"
"ID_10881","Profile12","Audi",30,"SUV","manual","some"
"ID_10881","Profile16","Audi",25,"city_car","manual","all"
"ID_10881","Profile13","BMW",15,"city_car","auto","all"
"ID_10881","Profile12","Audi",30,"SUV","manual","some"
"ID_10881","Profile2","Audi",15,"berline","auto","none"
"ID_10881","Profile8","Audi",15,"berline","auto","some"
"ID_10881","Profile14","Mercedes",20,"berline","auto","all"
"ID_10881","Profile10","Mercedes",15,"city_car","manual","some"
"ID_10881","Profile5","BMW",20,"berline","manual","none"
"ID_10881","Profile1","BMW",30,"city_car","auto","none"
"ID_10881","Profile11","BMW",25,"berline","manual","some"
"ID_10882","Profile12","Audi",30,"SUV","manual","some"
"ID_10882","Profile17","Mercedes",30,"berline","manual","all"
"ID_10882","Profile7","Mercedes",20,"city_car","auto","some"
"ID_10882","Profile16","Audi",25,"city_car","manual","all"
"ID_10882","Profile4","Audi",20,"city_car","manual","none"
"ID_10882","Profile17","Mercedes",30,"berline","manual","all"
"ID_10882","Profile3","Mercedes",25,"SUV","auto","none"
"ID_10882","Profile12","Audi",30,"SUV","manual","some"
"ID_10882","Profile16","Audi",25,"city_car","manual","all"
"ID_10882","Profile13","BMW",15,"city_car","auto","all"
"ID_10882","Profile12","Audi",30,"SUV","manual","some"
"ID_10882","Profile2","Audi",15,"berline","auto","none"
"ID_10882","Profile8","Audi",15,"berline","auto","some"
"ID_10882","Profile14","Mercedes",20,"berline","auto","all"
"ID_10882","Profile10","Mercedes",15,"city_car","manual","some"
"ID_10882","Profile5","BMW",20,"berline","manual","none"
"ID_10882","Profile1","BMW",30,"city_car","auto","none"
"ID_10882","Profile11","BMW",25,"berline","manual","some"
"ID_10883","Profile17","Mercedes",30,"berline","manual","all"
"ID_10883","Profile6","Mercedes",15,"SUV","manual","none"
"ID_10883","Profile8","Audi",15,"berline","auto","some"
"ID_10883","Profile15","Audi",20,"SUV","auto","all"
"ID_10883","Profile6","Mercedes",15,"SUV","manual","none"
"ID_10883","Profile16","Audi",25,"city_car","manual","all"
"ID_10883","Profile16","Audi",25,"city_car","manual","all"
"ID_10883","Profile18","BMW",15,"SUV","manual","all"
"ID_10883","Profile9","BMW",20,"SUV","auto","some"
"ID_10883","Profile7","Mercedes",20,"city_car","auto","some"
"ID_10883","Profile5","BMW",20,"berline","manual","none"
"ID_10883","Profile13","BMW",15,"city_car","auto","all"
"ID_10883","Profile16","Audi",25,"city_car","manual","all"
"ID_10883","Profile17","Mercedes",30,"berline","manual","all"
"ID_10883","Profile12","Audi",30,"SUV","manual","some"
"ID_10883","Profile18","BMW",15,"SUV","manual","all"
"ID_10883","Profile17","Mercedes",30,"berline","manual","all"
"ID_10883","Profile9","BMW",20,"SUV","auto","some"
"ID_10885","Profile14","Mercedes",20,"berline","auto","all"
"ID_10885","Profile12","Audi",30,"SUV","manual","some"
"ID_10885","Profile9","BMW",20,"SUV","auto","some"
"ID_10885","Profile9","BMW",20,"SUV","auto","some"
"ID_10885","Profile18","BMW",15,"SUV","manual","all"
"ID_10885","Profile13","BMW",15,"city_car","auto","all"
"ID_10885","Profile3","Mercedes",25,"SUV","auto","none"
"ID_10885","Profile10","Mercedes",15,"city_car","manual","some"
"ID_10885","Profile13","BMW",15,"city_car","auto","all"
"ID_10885","Profile15","Audi",20,"SUV","auto","all"
"ID_10885","Profile6","Mercedes",15,"SUV","manual","none"
"ID_10885","Profile18","BMW",15,"SUV","manual","all"
"ID_10885","Profile9","BMW",20,"SUV","auto","some"
"ID_10885","Profile4","Audi",20,"city_car","manual","none"
"ID_10885","Profile15","Audi",20,"SUV","auto","all"
"ID_10885","Profile18","BMW",15,"SUV","manual","all"
"ID_10885","Profile8","Audi",15,"berline","auto","some"
"ID_10885","Profile2","Audi",15,"berline","auto","none"
"ID_10887","Profile13","BMW",15,"city_car","auto","all"
"ID_10887","Profile5","BMW",20,"berline","manual","none"
"ID_10887","Profile4","Audi",20,"city_car","manual","none"
"ID_10887","Profile18","BMW",15,"SUV","manual","all"
"ID_10887","Profile15","Audi",20,"SUV","auto","all"
"ID_10887","Profile5","BMW",20,"berline","manual","none"
"ID_10887","Profile18","BMW",15,"SUV","manual","all"
"ID_10887","Profile11","BMW",25,"berline","manual","some"
"ID_10887","Profile7","Mercedes",20,"city_car","auto","some"
"ID_10887","Profile10","Mercedes",15,"city_car","manual","some"
"ID_10887","Profile7","Mercedes",20,"city_car","auto","some"
"ID_10887","Profile14","Mercedes",20,"berline","auto","all"
"ID_10887","Profile3","Mercedes",25,"SUV","auto","none"
"ID_10887","Profile10","Mercedes",15,"city_car","manual","some"
"ID_10887","Profile14","Mercedes",20,"berline","auto","all"
"ID_10887","Profile4","Audi",20,"city_car","manual","none"
"ID_10887","Profile17","Mercedes",30,"berline","manual","all"
"ID_10887","Profile12","Audi",30,"SUV","manual","some"
